title,url,species,data_available,verdict,group
Peleg & Mahadevan (2016) — Optimal switching between geocentric and egocentric strategies,https://doi.org/10.1098/rsos.160128,dung beetle,"Theory, inspired by real behavior",Origin of the geocentric/egocentric switching framing itself,closest_precedent
Mori & Mahadevan (2025) — Optimal switching strategies for navigation in stochastic settings,https://doi.org/10.1098/rsif.2024.0677,dung beetle,No (theory + simulation),Forward optimal control via Pontryagin's principle; not inverse; no ant data,closest_precedent
Khaldy et al. (2019; corr. 2024) — Effect of step size on straight-line orientation,https://doi.org/10.1098/rsif.2019.0181,dung beetle,Yes — real GPS/video trajectories,Fits biased-correlated-random-walk params (motor error cue weight) to real data; no anisotropic diffusion or cost functional,closest_precedent
Mitchell Shaverdian Dacke & Webb (2023) — Cue integration as vector summation,https://doi.org/10.1098/rspb.2023.0767,dung beetle,Yes — real behavioral data,Tests and rejects a Bayesian-optimality cue-integration hypothesis against real data,closest_precedent
Lochner et al. (2024) — RL as a robotics-inspired framework for insect navigation,https://doi.org/10.3389/fncom.2024.1460006,insect (general),No,Explicitly proposes inverse RL to recover an insect's Q-function as future work; confirms the gap,closest_precedent
Goulard Heinze & Webb (2023) — Emergent spatial goals in the insect central complex,https://doi.org/10.1371/journal.pcbi.1011480,ant/insect (central complex),Partial — tested on route data,Mechanistic CX circuit model generating goal locations; no cost functional,landscape
Webb (2024) — Beyond prediction error: 25 years of mushroom body modeling,https://doi.org/10.1101/lm.053824.123,insect (Drosophila MB),No (review),Review of learning-rule models; closest to a 'what is optimized' question but for associative learning not navigation,landscape
Adden Stewart Webb & Heinze (2022) — Neural model for insect steering,https://doi.org/10.1162/neco_a_01540,insect (general),No,Steering circuit model downstream of the compass; mechanistic,landscape
Mitchell & Webb (2026) — Framework for constructing insect steering circuits,https://doi.org/10.1371/journal.pcbi.1014009,insect (general),No,General steering-circuit framework fit via differential evolution not a cost functional,landscape
Pisokas Heinze & Webb (2020) — Head direction circuit of two insect species,https://doi.org/10.7554/eLife.53985,insect (bee locust),Partial,Foundational ring-attractor path-integration model,landscape
Pabst et al. (2024) — Locust heading circuit model,https://doi.org/10.1371/journal.pcbi.1012155,locust,No,Heading-circuit model ML-optimized for physiological plausibility not behavior,landscape
Clement Schwarz & Wystrach (2023) — Intrinsic oscillator underlies visual navigation,https://doi.org/10.1016/j.cub.2022.12.014,ant,Yes — real trajectory data,Mechanistic oscillator circuit model; stochastic components not optimal control,landscape
Freas & Wystrach (2025/26) — Scanning and active sampling behaviours,https://elifesciences.org/reviewed-preprints/110165,ant,Yes,CX/LAL scanning circuit model with stochastic noise; mechanistic,landscape
Sun Yue & Mangan (2020) — Decentralised model of optimal integration,https://doi.org/10.7554/eLife.54026,insect (general),No,'Optimal integration' means Bayesian cue-weighting not control theory,landscape
Amin Philippides & Graham (2025) — Ant visual route navigation,https://doi.org/10.1371/journal.pcbi.1012798,ant,Partial,Scene-familiarity/snapshot model; no optimality framework,landscape
Argentine ant traffic-flow paper (2024),https://arxiv.org/abs/2412.06587,ant (Argentine),Yes — real trajectories,Fits rotational diffusion self-propulsion and interaction force; collective/traffic context,landscape
Geometrical multiscale tortuosity of desert ant trajectories (2024),https://www.ncbi.nlm.nih.gov/pmc/articles/PMC11166452/,desert ant (C. fortis),Yes — real homing trajectories,Multiscale tortuosity/diffusive analysis; no drift-diffusion SDE parameter fit,landscape